,YEAR,AUTHOR_1,AUTHOR_2,AUTHOR_3,URL_1,URL_2,URL_3
0,2024,David Baker,Demis Hassabis,John M. Jumper,/wiki/David_Baker_(biochemist),/wiki/Demis_Hassabis,/wiki/John_M._Jumper
1,2023,Moungi Bawendi,Louis E. Brus,Alexey Ekimov,/wiki/Moungi_Bawendi,/wiki/Louis_E._Brus,/wiki/Alexey_Ekimov
2,2022,Carolyn Bertozzi,Morten P. Meldal,Karl Barry Sharpless,/wiki/Carolyn_Bertozzi,/wiki/Morten_P._Meldal,/wiki/Karl_Barry_Sharpless
3,2021,Benjamin List,David MacMillan,,/wiki/Benjamin_List,/wiki/David_MacMillan,
4,2020,Emmanuelle Charpentier,Jennifer Doudna,,/wiki/Emmanuelle_Charpentier,/wiki/Jennifer_Doudna,
5,2019,John B. Goodenough,M. Stanley Whittingham,Akira Yoshino,/wiki/John_B._Goodenough,/wiki/M._Stanley_Whittingham,/wiki/Akira_Yoshino
6,2018,Frances H. Arnold,George Smith,Greg Winter,/wiki/Frances_H._Arnold,/wiki/George_Smith_(chemist),/wiki/Greg_Winter
7,2017,Jacques Dubochet,Joachim Frank,Richard Henderson,/wiki/Jacques_Dubochet,/wiki/Joachim_Frank,/wiki/Richard_Henderson_(biologist)
8,2016,Jean-Pierre Sauvage,Fraser Stoddart,Ben Feringa,/wiki/Jean-Pierre_Sauvage,/wiki/Fraser_Stoddart,/wiki/Ben_Feringa
9,2015,Tomas Lindahl,Paul L. Modrich,Aziz Sancar,/wiki/Tomas_Lindahl,/wiki/Paul_Modrich,/wiki/Aziz_Sancar
10,2014,Eric Betzig,Stefan Hell,William Moerner,/wiki/Eric_Betzig,/wiki/Stefan_Hell,/wiki/William_Moerner
11,2013,Martin Karplus,Michael Levitt,Arieh Warshel,/wiki/Martin_Karplus,/wiki/Michael_Levitt_(biophysicist),/wiki/Arieh_Warshel
12,2012,Brian K. Kobilka,Robert J. Lefkowitz,,/wiki/Brian_Kobilka,/wiki/Robert_Lefkowitz,
13,2011,Dan Shechtman,,,/wiki/Dan_Shechtman,,
14,2010,Richard F. Heck,Ei-ichi Negishi,Akira Suzuki,/wiki/Richard_F._Heck,/wiki/Ei-ichi_Negishi,/wiki/Akira_Suzuki_(chemist)
15,2009,Venkatraman Ramakrishnan,Thomas A. Steitz,Ada Yonath,/wiki/Venkatraman_Ramakrishnan,/wiki/Thomas_A._Steitz,/wiki/Ada_Yonath
16,2008,Osamu Shimomura,Martin Chalfie,Roger Y. Tsien,/wiki/Osamu_Shimomura,/wiki/Martin_Chalfie,/wiki/Roger_Y._Tsien
17,2007,Gerhard Ertl,,,/wiki/Gerhard_Ertl,,
18,2006,Roger D. Kornberg,,,/wiki/Roger_D._Kornberg,,
19,2005,Yves Chauvin,Robert H. Grubbs,Richard R. Schrock,/wiki/Yves_Chauvin,/wiki/Robert_H._Grubbs,/wiki/Richard_R._Schrock
20,2004,Aaron Ciechanover,Avram Hershko,Irwin Rose,/wiki/Aaron_Ciechanover,/wiki/Avram_Hershko,/wiki/Irwin_Rose
21,2003,Peter Agre,Roderick MacKinnon,,/wiki/Peter_Agre,/wiki/Roderick_MacKinnon,
22,2002,John B. Fenn,Koichi Tanaka,Kurt Wüthrich,/wiki/John_B._Fenn,/wiki/Koichi_Tanaka,/wiki/Kurt_W%C3%BCthrich
23,2001,William Standish Knowles,Ryōji Noyori,Karl Barry Sharpless,/wiki/William_Standish_Knowles,/wiki/Ry%C5%8Dji_Noyori,/wiki/Karl_Barry_Sharpless
24,2000,Alan J. Heeger,Alan MacDiarmid,Hideki Shirakawa,/wiki/Alan_J._Heeger,/wiki/Alan_MacDiarmid,/wiki/Hideki_Shirakawa
25,1999,Ahmed Zewail,,,/wiki/Ahmed_Zewail,,
26,1998,Walter Kohn,John Pople,,/wiki/Walter_Kohn,/wiki/John_Pople,
27,1997,Paul D. Boyer,John E. Walker,Jens Christian Skou,/wiki/Paul_D._Boyer,/wiki/John_E._Walker,/wiki/Jens_Christian_Skou
28,1996,Robert Curl,Harry Kroto,Richard Smalley,/wiki/Robert_Curl,/wiki/Harry_Kroto,/wiki/Richard_Smalley
29,1995,Paul J. Crutzen,Mario J. Molina,F. Sherwood Rowland,/wiki/Paul_J._Crutzen,/wiki/Mario_J._Molina,/wiki/F._Sherwood_Rowland
30,1994,George Andrew Olah,,,/wiki/George_Andrew_Olah,,
31,1993,Kary Mullis,Michael Smith,,/wiki/Kary_Mullis,/wiki/Michael_Smith_(chemist),
32,1992,Rudolph A. Marcus,,,/wiki/Rudolph_A._Marcus,,
33,1991,Richard R. Ernst,,,/wiki/Richard_R._Ernst,,
34,1990,Elias James Corey,,,/wiki/Elias_James_Corey,,
35,1989,Sidney Altman,Thomas Cech,,/wiki/Sidney_Altman,/wiki/Thomas_Cech,
36,1988,Johann Deisenhofer,Robert Huber,Hartmut Michel,/wiki/Johann_Deisenhofer,/wiki/Robert_Huber,/wiki/Hartmut_Michel
37,1987,Donald J. Cram,Jean-Marie Lehn,Charles J. Pedersen,/wiki/Donald_J._Cram,/wiki/Jean-Marie_Lehn,/wiki/Charles_J._Pedersen
38,1986,Dudley R. Herschbach,Yuan T. Lee,John Polanyi,/wiki/Dudley_R._Herschbach,/wiki/Yuan_T._Lee,/wiki/John_Polanyi
39,1985,Herbert A. Hauptman,Jerome Karle,,/wiki/Herbert_A._Hauptman,/wiki/Jerome_Karle,
40,1984,Robert Bruce Merrifield,,,/wiki/Robert_Bruce_Merrifield,,
41,1983,Henry Taube,,,/wiki/Henry_Taube,,
42,1982,Aaron Klug,,,/wiki/Aaron_Klug,,
43,1981,Kenichi Fukui,Roald Hoffmann,,/wiki/Kenichi_Fukui,/wiki/Roald_Hoffmann,
44,1980,Paul Berg,Walter Gilbert,Frederick Sanger,/wiki/Paul_Berg,/wiki/Walter_Gilbert,/wiki/Frederick_Sanger
45,1979,Herbert C. Brown,Georg Wittig,,/wiki/Herbert_C._Brown,/wiki/Georg_Wittig,
46,1978,Peter D. Mitchell,,,/wiki/Peter_D._Mitchell,,
47,1977,Ilya Prigogine,,,/wiki/Ilya_Prigogine,,
48,1976,William Lipscomb,,,/wiki/William_Lipscomb,,
49,1975,John Cornforth,Vladimir Prelog,,/wiki/John_Cornforth,/wiki/Vladimir_Prelog,
50,1974,Paul Flory,,,/wiki/Paul_Flory,,
51,1973,Ernst Otto Fischer,Geoffrey Wilkinson,,/wiki/Ernst_Otto_Fischer,/wiki/Geoffrey_Wilkinson,
52,1972,Christian B. Anfinsen,Stanford Moore,William Howard Stein,/wiki/Christian_B._Anfinsen,/wiki/Stanford_Moore,/wiki/William_Howard_Stein
53,1971,Gerhard Herzberg,,,/wiki/Gerhard_Herzberg,,
54,1970,Luis Federico Leloir,,,/wiki/Luis_Federico_Leloir,,
55,1969,Derek Barton,Odd Hassel,,/wiki/Derek_Barton,/wiki/Odd_Hassel,
56,1968,Lars Onsager,,,/wiki/Lars_Onsager,,
57,1967,Manfred Eigen,Ronald George Wreyford Norrish,George Porter,/wiki/Manfred_Eigen,/wiki/Ronald_George_Wreyford_Norrish,/wiki/George_Porter
58,1966,Robert S. Mulliken,,,/wiki/Robert_S._Mulliken,,
59,1965,Robert Burns Woodward,,,/wiki/Robert_Burns_Woodward,,
60,1964,Dorothy Hodgkin,,,/wiki/Dorothy_Hodgkin,,
61,1963,Karl Ziegler,Giulio Natta,,/wiki/Karl_Ziegler,/wiki/Giulio_Natta,
62,1962,Max Perutz,John Kendrew,,/wiki/Max_Perutz,/wiki/John_Kendrew,
63,1961,Melvin Calvin,,,/wiki/Melvin_Calvin,,
64,1960,Willard Libby,,,/wiki/Willard_Libby,,
65,1959,Jaroslav Heyrovský,,,/wiki/Jaroslav_Heyrovsk%C3%BD,,
66,1958,Frederick Sanger,,,/wiki/Frederick_Sanger,,
67,1957,The Lord Todd,,,/wiki/Alexander_R._Todd,,
68,1956,Cyril Norman Hinshelwood,Nikolay Semyonov,,/wiki/Cyril_Norman_Hinshelwood,/wiki/Nikolay_Semyonov,
69,1955,Vincent du Vigneaud,,,/wiki/Vincent_du_Vigneaud,,
70,1954,Linus Pauling,,,/wiki/Linus_Pauling,,
71,1953,Hermann Staudinger,,,/wiki/Hermann_Staudinger,,
72,1952,Archer Martin,Richard Laurence Millington Synge,,/wiki/Archer_Martin,/wiki/Richard_Laurence_Millington_Synge,
73,1951,Edwin McMillan,Glenn T. Seaborg,,/wiki/Edwin_McMillan,/wiki/Glenn_T._Seaborg,
74,1950,Otto Diels,Kurt Alder,,/wiki/Otto_Diels,/wiki/Kurt_Alder,
75,1949,William Giauque,,,/wiki/William_Giauque,,
76,1948,Arne Tiselius,,,/wiki/Arne_Tiselius,,
77,1947,Robert Robinson,,,/wiki/Robert_Robinson_(organic_chemist),,
78,1946,James B. Sumner,John Howard Northrop,Wendell Meredith Stanley,/wiki/James_B._Sumner,/wiki/John_Howard_Northrop,/wiki/Wendell_Meredith_Stanley
79,1945,Artturi Ilmari Virtanen,,,/wiki/Artturi_Ilmari_Virtanen,,
80,1944,Otto Hahn,,,/wiki/Otto_Hahn,,
81,1943,George de Hevesy,,,/wiki/George_de_Hevesy,,
82,1942,No Record,,,No Record,,
83,1941,No Record,,,No Record,,
84,1940,No Record,,,No Record,,
85,1939,Adolf Butenandt,,,/wiki/Adolf_Butenandt,#cite_note-A-15,/wiki/Leopold_Ru%C5%BEi%C4%8Dka
86,1938,Richard Kuhn,,,/wiki/Richard_Kuhn,#cite_note-A-15,
87,1937,Norman Haworth,Paul Karrer,,/wiki/Norman_Haworth,/wiki/Paul_Karrer,
88,1936,Peter Debye,,,/wiki/Peter_Debye,,
89,1935,Frédéric Joliot-Curie,Irène Joliot-Curie,,/wiki/Fr%C3%A9d%C3%A9ric_Joliot-Curie,/wiki/Ir%C3%A8ne_Joliot-Curie,
90,1934,/wiki/Harold_Urey,,,George Whipple,George Minot,William P. Murphy
91,1933,,,,Thomas Hunt Morgan,,
92,1932,Irving Langmuir,,,/wiki/Irving_Langmuir,,
93,1931,/wiki/Carl_Bosch,/wiki/Friedrich_Bergius,,Otto Heinrich Warburg,,
94,1930,Hans Fischer,,,/wiki/Hans_Fischer,,
95,1929,Arthur Harden,Hans von Euler-Chelpin,,/wiki/Arthur_Harden,/wiki/Hans_von_Euler-Chelpin,
96,1928,Adolf Windaus,,,/wiki/Adolf_Windaus,,
97,1927,Heinrich Otto Wieland,,,/wiki/Heinrich_Otto_Wieland,,
98,1926,Theodor Svedberg,,,/wiki/Theodor_Svedberg,,
99,1925,Richard Adolf Zsigmondy,,,/wiki/Richard_Adolf_Zsigmondy,,
100,1924,,,,Willem Einthoven,,
101,1923,Fritz Pregl,,,/wiki/Fritz_Pregl,,
102,1922,Francis William Aston,,,/wiki/Francis_William_Aston,,
103,1921,Frederick Soddy,,,/wiki/Frederick_Soddy,,
104,1920,Walther Nernst,,,/wiki/Walther_Nernst,,
105,1919,,,,Jules Bordet,,
106,1918,Fritz Haber,,,/wiki/Fritz_Haber,,
107,1917,,,,,,
108,1916,,,,Verner von Heidenstam,,
109,1915,Richard Willstätter,,,/wiki/Richard_Willst%C3%A4tter,,
110,1914,Theodore William Richards,,,/wiki/Theodore_William_Richards,,
111,1913,Alfred Werner,,,/wiki/Alfred_Werner,,
112,1912,Victor Grignard,Paul Sabatier,,/wiki/Victor_Grignard,/wiki/Paul_Sabatier_(chemist),
113,1911,Marie Curie,,,/wiki/Marie_Curie,,
114,1910,Otto Wallach,,,/wiki/Otto_Wallach,,
115,1909,Wilhelm Ostwald,,,/wiki/Wilhelm_Ostwald,,
116,1908,Ernest Rutherford,,,/wiki/Ernest_Rutherford,,
117,1907,Eduard Buchner,,,/wiki/Eduard_Buchner,,
118,1906,Henri Moissan,,,/wiki/Henri_Moissan,,
119,1905,Adolf von Baeyer,,,/wiki/Adolf_von_Baeyer,,
120,1904,William Ramsay,,,/wiki/William_Ramsay,,
121,1903,Svante Arrhenius,,,/wiki/Svante_Arrhenius,,
122,1902,Emil Fischer,,,/wiki/Emil_Fischer,,
123,1901,Jacobus Henricus van 't Hoff,,,/wiki/Jacobus_Henricus_van_%27t_Hoff,,
